transaction_id,customer_id,amount,merchant_category,hour,day_of_week,transactions_last_24h,avg_customer_amount,is_foreign,is_fraud
TXN-10000,CUST-1039,660.02,grocery,22,0,2,711.66,0,0
TXN-10001,CUST-1078,532.14,gaming,19,1,4,339.68,0,0
TXN-10002,CUST-1115,441.16,utility,19,2,2,909.37,0,1
TXN-10003,CUST-1105,1621.66,utility,9,1,2,1009.6,0,0
TXN-10004,CUST-1112,309.0,grocery,11,2,3,205.81,0,0
TXN-10005,CUST-1018,2310.51,electronics,15,6,3,294.07,0,0
TXN-10006,CUST-1064,416.1,utility,12,2,4,645.69,0,0
TXN-10007,CUST-1090,958.88,grocery,7,4,10,505.76,0,0
TXN-10008,CUST-1078,519.28,grocery,20,4,3,596.31,0,0
TXN-10009,CUST-1097,219.82,grocery,18,0,2,376.47,1,0
TXN-10010,CUST-1026,280.39,electronics,15,1,2,976.2,0,0
TXN-10011,CUST-1057,663.66,grocery,12,2,1,923.14,0,0
TXN-10012,CUST-1055,747.46,jewelry,2,3,6,624.1,0,0
TXN-10013,CUST-1117,309.01,restaurant,7,0,2,1118.77,0,0
TXN-10014,CUST-1025,1033.34,grocery,14,4,3,778.31,1,0
TXN-10015,CUST-1040,1173.95,gaming,19,2,0,375.17,0,0
TXN-10016,CUST-1002,1446.97,grocery,22,2,5,737.17,0,0
TXN-10017,CUST-1018,732.94,grocery,11,4,1,355.18,0,0
TXN-10018,CUST-1122,1370.01,utility,17,6,2,975.69,0,0
TXN-10019,CUST-1105,120.23,travel,10,6,1,585.54,1,0
TXN-10020,CUST-1032,388.22,restaurant,0,6,1,543.66,0,0
TXN-10021,CUST-1087,257.17,electronics,12,2,4,413.84,0,0
TXN-10022,CUST-1074,538.84,grocery,21,0,2,1178.97,0,0
TXN-10023,CUST-1113,320.99,travel,18,1,3,552.81,0,0
TXN-10024,CUST-1037,435.02,grocery,14,2,5,475.53,0,1
TXN-10025,CUST-1124,2021.57,utility,11,2,2,495.88,0,0
TXN-10026,CUST-1046,433.85,jewelry,9,1,4,806.55,0,0
TXN-10027,CUST-1089,672.06,fuel,11,1,3,735.83,0,0
TXN-10028,CUST-1049,413.97,electronics,9,1,1,755.22,0,0
TXN-10029,CUST-1083,521.54,gaming,4,4,2,762.77,0,0
TXN-10030,CUST-1041,494.98,utility,18,3,2,1954.53,1,0
TXN-10031,CUST-1105,689.69,grocery,3,0,2,481.29,0,0
TXN-10032,CUST-1079,1180.84,grocery,7,3,1,454.08,0,0
TXN-10033,CUST-1036,15287.74,grocery,15,5,7,384.69,0,0
TXN-10034,CUST-1120,621.55,travel,11,2,0,844.54,0,0
TXN-10035,CUST-1088,766.75,electronics,14,2,1,1119.83,0,0
TXN-10036,CUST-1053,207.86,grocery,9,1,1,565.28,0,0
TXN-10037,CUST-1016,461.32,travel,10,2,4,379.14,0,0
TXN-10038,CUST-1121,997.47,travel,1,1,1,382.43,0,0
TXN-10039,CUST-1094,943.39,grocery,18,6,1,860.77,0,0
TXN-10040,CUST-1083,577.5,restaurant,13,6,3,905.77,0,0
TXN-10041,CUST-1104,957.95,gaming,15,2,3,811.38,0,0
TXN-10042,CUST-1075,712.0,travel,0,6,2,417.37,0,0
TXN-10043,CUST-1029,1212.25,electronics,11,5,2,683.82,0,0
TXN-10044,CUST-1029,612.18,fuel,4,0,1,641.74,0,0
TXN-10045,CUST-1009,377.37,utility,3,3,0,678.77,0,0
TXN-10046,CUST-1007,633.89,gaming,7,4,3,971.93,0,0
TXN-10047,CUST-1091,54.71,electronics,2,2,0,680.6,0,0
TXN-10048,CUST-1106,656.66,restaurant,16,3,1,874.28,0,0
TXN-10049,CUST-1020,31.93,utility,11,3,3,624.64,0,0
TXN-10050,CUST-1071,135.29,utility,0,4,0,705.58,0,0
TXN-10051,CUST-1015,691.47,fuel,12,2,0,851.68,0,0
TXN-10052,CUST-1051,704.96,grocery,17,4,2,270.04,0,0
TXN-10053,CUST-1098,206.06,jewelry,19,1,2,504.81,0,0
TXN-10054,CUST-1101,288.85,electronics,8,6,1,464.65,1,0
TXN-10055,CUST-1118,1377.33,jewelry,13,0,6,423.53,0,0
TXN-10056,CUST-1038,342.74,utility,7,0,7,517.33,0,0
TXN-10057,CUST-1118,2649.67,fuel,14,0,5,1369.52,1,0
TXN-10058,CUST-1097,492.04,fuel,10,2,6,373.83,0,0
TXN-10059,CUST-1042,669.16,electronics,12,4,4,1025.11,0,1
TXN-10060,CUST-1040,1656.82,fuel,14,6,1,238.51,0,0
TXN-10061,CUST-1013,543.63,gaming,12,3,2,500.6,0,0
TXN-10062,CUST-1115,232.35,utility,13,1,3,658.2,0,0
TXN-10063,CUST-1025,453.82,electronics,19,2,1,830.83,0,0
TXN-10064,CUST-1033,479.76,jewelry,19,0,3,889.96,0,0
TXN-10065,CUST-1051,177.05,electronics,7,3,1,931.08,0,0
TXN-10066,CUST-1017,406.72,jewelry,13,5,2,496.81,0,0
TXN-10067,CUST-1100,282.41,fuel,20,0,2,466.71,0,0
TXN-10068,CUST-1087,985.62,jewelry,15,5,1,964.77,0,0
TXN-10069,CUST-1019,505.71,jewelry,10,1,3,541.74,0,0
TXN-10070,CUST-1020,398.58,fuel,16,4,7,298.38,1,1
TXN-10071,CUST-1002,455.03,electronics,9,5,0,322.69,0,0
TXN-10072,CUST-1118,5256.35,utility,7,5,12,362.96,0,1
TXN-10073,CUST-1054,782.59,fuel,3,4,3,791.11,0,0
TXN-10074,CUST-1081,232.81,jewelry,15,4,3,650.89,1,0
TXN-10075,CUST-1018,225.61,restaurant,19,1,2,879.86,0,0
TXN-10076,CUST-1028,1128.35,utility,12,0,0,475.81,0,0
TXN-10077,CUST-1067,361.68,travel,20,2,1,656.68,0,0
TXN-10078,CUST-1026,170.27,gaming,13,4,4,849.01,0,0
TXN-10079,CUST-1076,687.36,restaurant,18,4,0,507.68,0,0
TXN-10080,CUST-1115,697.52,electronics,1,5,1,773.73,0,0
TXN-10081,CUST-1038,156.33,grocery,8,2,1,418.19,1,0
TXN-10082,CUST-1075,585.29,grocery,19,6,1,492.91,0,0
TXN-10083,CUST-1114,855.5,utility,2,3,4,487.87,0,0
TXN-10084,CUST-1111,652.49,travel,22,1,1,311.78,0,0
TXN-10085,CUST-1000,791.54,fuel,12,5,2,786.69,0,0
TXN-10086,CUST-1013,171.88,fuel,7,0,4,464.9,0,0
TXN-10087,CUST-1123,631.62,utility,22,2,1,606.0,0,0
TXN-10088,CUST-1115,392.7,electronics,16,5,2,784.0,0,0
TXN-10089,CUST-1040,343.06,utility,4,5,3,769.39,0,1
TXN-10090,CUST-1065,946.64,jewelry,19,1,3,867.8,0,0
TXN-10091,CUST-1071,1494.36,restaurant,21,1,2,570.11,0,0
TXN-10092,CUST-1083,1892.73,utility,11,0,3,476.84,0,0
TXN-10093,CUST-1093,1320.95,fuel,19,0,5,576.03,1,0
TXN-10094,CUST-1046,3399.06,gaming,19,5,7,237.93,0,1
TXN-10095,CUST-1111,641.97,grocery,3,5,2,271.53,0,0
TXN-10096,CUST-1007,875.78,restaurant,17,3,2,290.76,0,0
TXN-10097,CUST-1004,539.63,fuel,11,3,3,347.76,0,0
TXN-10098,CUST-1119,543.52,gaming,21,2,1,749.85,0,0
TXN-10099,CUST-1022,913.99,utility,22,1,3,365.76,0,0
TXN-10100,CUST-1124,471.32,grocery,22,0,2,488.83,0,0
TXN-10101,CUST-1035,285.16,utility,18,4,2,1229.76,0,0
TXN-10102,CUST-1045,361.1,grocery,7,0,1,494.75,0,0
TXN-10103,CUST-1003,792.69,travel,12,0,2,902.92,0,0
TXN-10104,CUST-1117,493.86,electronics,14,5,1,360.15,0,0
TXN-10105,CUST-1044,635.97,travel,22,4,4,537.54,0,1
TXN-10106,CUST-1020,814.49,gaming,15,3,1,356.91,0,0
TXN-10107,CUST-1060,371.99,restaurant,15,1,4,499.46,0,0
TXN-10108,CUST-1019,868.86,fuel,9,1,4,955.44,0,0
TXN-10109,CUST-1098,654.67,gaming,19,3,2,232.75,0,0
TXN-10110,CUST-1009,195.17,utility,12,2,1,764.28,0,0
TXN-10111,CUST-1062,1453.5,utility,8,3,4,685.92,0,0
TXN-10112,CUST-1048,338.47,grocery,22,1,5,434.08,0,0
TXN-10113,CUST-1004,142.41,restaurant,10,1,3,271.69,0,0
TXN-10114,CUST-1006,225.03,grocery,7,0,3,626.2,0,0
TXN-10115,CUST-1064,229.11,gaming,8,2,2,449.79,0,0
TXN-10116,CUST-1049,512.41,gaming,14,1,2,684.01,0,0
TXN-10117,CUST-1016,401.26,utility,8,1,2,609.12,0,0
TXN-10118,CUST-1017,382.75,grocery,20,3,4,1452.41,1,0
TXN-10119,CUST-1100,784.29,grocery,3,3,2,527.61,0,0
TXN-10120,CUST-1091,635.81,utility,12,1,2,342.78,0,0
TXN-10121,CUST-1075,624.55,grocery,7,4,0,664.21,0,0
TXN-10122,CUST-1104,670.06,electronics,14,2,1,679.26,0,0
TXN-10123,CUST-1008,782.19,jewelry,9,2,1,1270.99,0,0
TXN-10124,CUST-1085,101.4,gaming,22,3,2,952.71,0,0
TXN-10125,CUST-1094,374.9,grocery,11,0,2,732.37,1,0
TXN-10126,CUST-1025,96.05,fuel,14,2,3,1345.9,0,0
TXN-10127,CUST-1067,2353.27,restaurant,7,4,10,312.99,0,1
TXN-10128,CUST-1095,491.04,travel,9,0,2,423.32,0,0
TXN-10129,CUST-1075,1079.39,grocery,10,3,2,361.54,1,0
TXN-10130,CUST-1031,1200.78,grocery,7,0,0,485.71,0,0
TXN-10131,CUST-1083,3172.16,fuel,18,4,9,282.26,0,1
TXN-10132,CUST-1094,338.57,restaurant,22,0,1,853.49,0,0
TXN-10133,CUST-1001,709.01,fuel,22,1,2,532.6,1,1
TXN-10134,CUST-1070,331.64,grocery,3,2,1,268.02,0,0
TXN-10135,CUST-1063,492.23,electronics,19,4,1,344.27,0,0
TXN-10136,CUST-1045,1032.36,grocery,15,5,1,715.11,1,0
TXN-10137,CUST-1005,324.3,fuel,7,3,1,954.29,0,0
TXN-10138,CUST-1010,901.68,restaurant,8,0,2,1804.79,0,0
TXN-10139,CUST-1093,818.97,jewelry,15,2,1,2988.79,0,0
TXN-10140,CUST-1103,240.79,grocery,13,5,1,755.91,0,0
TXN-10141,CUST-1052,1022.92,travel,7,0,4,349.24,0,0
TXN-10142,CUST-1117,832.08,grocery,21,5,1,186.3,0,0
TXN-10143,CUST-1115,531.89,grocery,18,2,0,697.32,0,0
TXN-10144,CUST-1083,278.18,gaming,15,0,0,384.86,0,0
TXN-10145,CUST-1072,258.68,electronics,22,4,2,478.93,0,0
TXN-10146,CUST-1120,329.23,utility,22,0,3,429.81,0,0
TXN-10147,CUST-1076,740.22,utility,4,2,1,557.0,0,0
TXN-10148,CUST-1116,240.63,fuel,11,1,1,1081.7,0,0
TXN-10149,CUST-1122,684.12,restaurant,4,4,1,656.14,0,0
TXN-10150,CUST-1024,194.16,electronics,15,0,1,551.56,0,0
TXN-10151,CUST-1082,422.82,fuel,18,0,1,340.49,0,0
TXN-10152,CUST-1091,534.98,utility,20,3,2,239.59,1,0
TXN-10153,CUST-1102,3083.58,grocery,9,6,1,460.6,0,0
TXN-10154,CUST-1043,175.39,electronics,14,0,2,584.3,0,0
TXN-10155,CUST-1107,1486.25,jewelry,9,3,5,1591.39,0,0
TXN-10156,CUST-1060,1995.84,fuel,11,5,13,646.55,0,1
TXN-10157,CUST-1048,670.74,utility,13,2,2,1033.29,1,0
TXN-10158,CUST-1019,538.49,fuel,20,3,2,457.32,0,0
TXN-10159,CUST-1040,687.83,utility,20,5,3,313.65,0,0
TXN-10160,CUST-1121,439.1,grocery,13,5,2,353.96,0,0
TXN-10161,CUST-1089,10582.68,grocery,1,2,7,403.88,0,0
TXN-10162,CUST-1090,349.9,travel,2,5,1,1940.42,0,0
TXN-10163,CUST-1111,1151.91,utility,21,4,5,383.08,0,0
TXN-10164,CUST-1033,303.91,grocery,22,3,3,954.48,1,0
TXN-10165,CUST-1082,470.98,utility,10,3,3,366.28,0,0
TXN-10166,CUST-1046,220.53,fuel,9,6,1,1004.62,0,0
TXN-10167,CUST-1105,693.16,electronics,1,6,4,743.76,0,0
TXN-10168,CUST-1052,1456.58,travel,11,6,2,552.17,0,0
TXN-10169,CUST-1106,464.97,grocery,10,4,1,588.5,0,0
TXN-10170,CUST-1093,425.1,restaurant,7,2,3,419.84,0,0
TXN-10171,CUST-1096,213.59,travel,13,0,2,769.19,0,0
TXN-10172,CUST-1115,414.9,jewelry,13,0,4,468.6,0,0
TXN-10173,CUST-1098,149.22,gaming,16,6,1,306.71,0,0
TXN-10174,CUST-1040,248.47,electronics,4,2,1,298.01,0,0
TXN-10175,CUST-1065,584.11,gaming,18,0,3,661.77,0,0
TXN-10176,CUST-1059,1325.12,utility,17,1,3,1434.4,0,0
TXN-10177,CUST-1008,28674.79,jewelry,14,0,9,657.2,0,1
TXN-10178,CUST-1074,317.37,electronics,9,3,2,563.83,0,0
TXN-10179,CUST-1054,1445.88,gaming,15,4,4,704.3,0,0
TXN-10180,CUST-1049,591.59,gaming,0,2,4,1234.35,0,0
TXN-10181,CUST-1013,439.91,travel,12,5,3,679.03,0,0
TXN-10182,CUST-1063,681.6,gaming,11,3,5,480.1,0,0
TXN-10183,CUST-1072,516.17,travel,15,6,5,1105.95,1,0
TXN-10184,CUST-1013,535.28,utility,12,5,3,761.9,0,0
TXN-10185,CUST-1079,362.76,restaurant,13,0,4,1400.61,0,0
TXN-10186,CUST-1020,172.68,restaurant,0,1,1,665.66,0,0
TXN-10187,CUST-1018,154.82,utility,11,5,2,306.91,1,0
TXN-10188,CUST-1050,804.27,gaming,18,3,0,283.59,1,1
TXN-10189,CUST-1048,400.4,utility,14,5,3,1492.21,0,0
TXN-10190,CUST-1114,1283.95,grocery,14,2,10,1553.11,0,0
TXN-10191,CUST-1008,495.9,electronics,1,0,0,545.26,0,0
TXN-10192,CUST-1043,894.44,fuel,12,5,1,487.48,0,0
TXN-10193,CUST-1091,2712.72,grocery,8,5,8,1344.52,0,0
TXN-10194,CUST-1031,301.26,restaurant,20,4,3,327.38,0,0
TXN-10195,CUST-1122,1236.1,utility,7,2,2,367.93,0,0
TXN-10196,CUST-1092,6383.11,electronics,16,0,11,857.34,0,1
TXN-10197,CUST-1118,714.02,fuel,11,5,5,484.43,0,1
TXN-10198,CUST-1118,1022.75,jewelry,1,4,5,600.15,0,1
TXN-10199,CUST-1013,1250.71,travel,7,4,4,550.1,0,0
TXN-10200,CUST-1057,1150.07,utility,21,1,1,724.63,0,0
TXN-10201,CUST-1093,781.0,restaurant,13,5,1,1305.2,0,0
TXN-10202,CUST-1001,771.83,fuel,12,5,3,632.59,0,0
TXN-10203,CUST-1056,727.6,fuel,18,6,1,857.62,0,0
TXN-10204,CUST-1086,216.37,fuel,7,3,2,194.88,0,0
TXN-10205,CUST-1099,833.42,grocery,16,5,2,585.93,0,0
TXN-10206,CUST-1051,178.24,travel,14,2,3,378.5,0,0
TXN-10207,CUST-1107,271.52,grocery,15,4,0,307.86,0,0
TXN-10208,CUST-1084,1309.86,grocery,8,4,1,371.3,0,0
TXN-10209,CUST-1005,6959.75,fuel,22,5,8,500.81,0,1
TXN-10210,CUST-1034,1503.5,grocery,10,5,1,996.0,0,0
TXN-10211,CUST-1117,401.92,jewelry,17,0,1,290.17,0,0
TXN-10212,CUST-1000,1185.27,grocery,18,5,11,612.07,0,1
TXN-10213,CUST-1013,3738.82,utility,12,5,6,461.14,0,0
TXN-10214,CUST-1043,531.94,fuel,9,3,3,502.59,0,0
TXN-10215,CUST-1124,522.82,grocery,11,3,3,1044.73,0,0
TXN-10216,CUST-1088,1153.16,grocery,19,5,2,809.13,0,0
TXN-10217,CUST-1018,375.8,jewelry,21,3,1,1255.85,0,0
TXN-10218,CUST-1049,641.64,fuel,1,2,5,552.81,0,0
TXN-10219,CUST-1117,234.75,electronics,10,5,2,410.44,1,0
TXN-10220,CUST-1027,690.72,grocery,2,5,1,532.12,0,0
TXN-10221,CUST-1071,493.9,restaurant,9,1,2,687.71,0,0
TXN-10222,CUST-1058,280.8,grocery,18,5,1,663.23,0,0
TXN-10223,CUST-1095,412.87,travel,13,2,2,331.49,0,0
TXN-10224,CUST-1094,1922.25,utility,18,0,5,632.56,0,0
TXN-10225,CUST-1104,402.37,fuel,4,6,4,682.34,0,0
TXN-10226,CUST-1014,1860.32,fuel,22,1,3,2403.33,0,0
TXN-10227,CUST-1056,457.68,utility,14,1,5,1689.63,0,0
TXN-10228,CUST-1086,410.38,fuel,12,1,3,376.42,0,0
TXN-10229,CUST-1052,102.2,grocery,15,3,2,513.85,0,0
TXN-10230,CUST-1083,251.98,travel,9,1,1,269.11,0,0
TXN-10231,CUST-1079,404.52,grocery,8,1,2,434.9,0,0
TXN-10232,CUST-1046,294.6,restaurant,15,2,3,715.93,1,0
TXN-10233,CUST-1012,1388.92,gaming,20,1,2,1168.2,0,0
TXN-10234,CUST-1121,435.41,gaming,15,1,0,403.03,0,0
TXN-10235,CUST-1103,1295.09,grocery,19,6,0,419.99,0,0
TXN-10236,CUST-1111,516.09,jewelry,9,4,3,184.75,0,0
TXN-10237,CUST-1037,506.7,jewelry,14,0,3,550.34,0,0
TXN-10238,CUST-1039,461.0,grocery,16,0,3,335.52,0,0
TXN-10239,CUST-1040,4014.55,utility,12,5,9,449.8,0,1
TXN-10240,CUST-1003,1788.44,gaming,7,1,3,371.57,0,0
TXN-10241,CUST-1021,447.8,utility,8,1,14,571.44,0,0
TXN-10242,CUST-1038,109.82,fuel,21,4,6,228.89,0,1
TXN-10243,CUST-1123,327.87,grocery,2,5,1,268.57,0,0
TXN-10244,CUST-1025,3697.34,jewelry,11,2,7,1941.25,0,1
TXN-10245,CUST-1063,826.81,utility,11,5,3,296.46,0,0
TXN-10246,CUST-1068,702.62,travel,7,2,1,329.23,0,0
TXN-10247,CUST-1044,369.38,grocery,0,0,2,1652.93,0,0
TXN-10248,CUST-1114,1058.16,utility,8,5,0,2974.37,0,0
TXN-10249,CUST-1011,1067.04,grocery,19,6,0,315.97,0,0
TXN-10250,CUST-1108,565.69,fuel,10,6,2,491.5,0,1
TXN-10251,CUST-1092,1014.34,gaming,12,0,1,726.22,1,0
TXN-10252,CUST-1038,604.55,grocery,11,3,4,1557.42,0,0
TXN-10253,CUST-1095,323.4,grocery,20,4,2,349.75,0,0
TXN-10254,CUST-1053,831.61,grocery,7,0,0,525.89,0,0
TXN-10255,CUST-1121,535.37,restaurant,12,6,1,922.91,1,0
TXN-10256,CUST-1004,4748.27,fuel,11,0,14,764.42,0,1
TXN-10257,CUST-1003,1487.3,gaming,11,1,2,489.37,0,1
TXN-10258,CUST-1068,78.4,restaurant,10,6,3,559.14,1,0
TXN-10259,CUST-1116,170.16,gaming,21,3,2,282.54,0,0
TXN-10260,CUST-1007,202.29,electronics,13,4,2,527.95,1,0
TXN-10261,CUST-1097,375.24,electronics,13,3,1,519.82,0,0
TXN-10262,CUST-1117,407.09,travel,13,5,1,683.82,0,0
TXN-10263,CUST-1060,159.1,gaming,22,0,3,443.44,0,0
TXN-10264,CUST-1108,235.36,restaurant,12,4,2,780.04,0,0
TXN-10265,CUST-1094,924.5,utility,12,0,14,1050.47,1,0
TXN-10266,CUST-1026,3112.15,travel,12,1,2,655.56,0,1
TXN-10267,CUST-1106,1903.23,fuel,2,3,2,730.31,1,1
TXN-10268,CUST-1087,361.83,utility,8,3,2,619.7,0,0
TXN-10269,CUST-1001,375.14,grocery,16,1,2,601.87,0,0
TXN-10270,CUST-1071,1019.6,utility,0,5,8,404.7,1,1
TXN-10271,CUST-1081,117.79,fuel,10,2,2,716.28,0,0
TXN-10272,CUST-1100,451.39,jewelry,10,6,3,570.49,1,1
TXN-10273,CUST-1096,233.13,utility,11,0,1,1903.11,0,0
TXN-10274,CUST-1059,462.37,electronics,19,1,2,1429.88,0,0
TXN-10275,CUST-1037,148.39,grocery,4,2,2,744.13,0,0
TXN-10276,CUST-1023,278.25,utility,22,4,0,395.57,0,0
TXN-10277,CUST-1011,550.85,travel,12,2,2,326.42,0,0
TXN-10278,CUST-1079,648.5,fuel,2,1,2,1158.79,0,0
TXN-10279,CUST-1119,673.91,electronics,7,3,1,695.42,0,0
TXN-10280,CUST-1010,661.85,travel,15,6,5,783.74,0,0
TXN-10281,CUST-1087,935.44,jewelry,19,0,0,230.55,0,0
TXN-10282,CUST-1073,270.38,grocery,15,1,3,1002.34,0,1
TXN-10283,CUST-1021,792.06,travel,21,3,3,772.73,0,0
TXN-10284,CUST-1026,488.83,utility,12,5,1,326.77,1,0
TXN-10285,CUST-1035,1177.92,grocery,7,0,11,464.36,0,0
TXN-10286,CUST-1085,388.72,electronics,19,1,3,695.79,0,0
TXN-10287,CUST-1037,648.09,gaming,1,1,2,619.47,0,0
TXN-10288,CUST-1103,780.34,utility,19,4,1,512.5,0,0
TXN-10289,CUST-1046,443.31,gaming,18,0,5,568.55,0,0
TXN-10290,CUST-1013,1554.38,utility,20,4,1,523.96,0,0
TXN-10291,CUST-1011,1049.04,fuel,14,2,0,654.52,0,0
TXN-10292,CUST-1050,406.47,travel,21,2,3,1351.97,0,0
TXN-10293,CUST-1050,864.88,restaurant,9,6,2,146.69,0,0
TXN-10294,CUST-1091,10408.79,utility,13,5,12,528.34,0,0
TXN-10295,CUST-1059,2143.86,electronics,8,5,3,663.2,0,0
TXN-10296,CUST-1020,196.17,electronics,19,6,1,708.25,0,0
TXN-10297,CUST-1026,245.94,electronics,18,1,3,490.51,1,0
TXN-10298,CUST-1070,9536.44,grocery,19,5,12,229.02,0,1
TXN-10299,CUST-1041,222.8,utility,19,1,3,720.83,0,0
TXN-10300,CUST-1083,182.75,utility,11,2,2,1556.26,0,0
TXN-10301,CUST-1115,342.19,electronics,8,3,2,258.88,0,0
TXN-10302,CUST-1044,675.31,fuel,21,5,1,967.88,0,0
TXN-10303,CUST-1068,456.32,fuel,14,4,4,502.36,0,0
TXN-10304,CUST-1103,1149.13,grocery,8,3,14,581.88,1,1
TXN-10305,CUST-1026,297.18,jewelry,21,2,2,337.28,0,0
TXN-10306,CUST-1063,288.8,electronics,0,4,3,500.72,0,0
TXN-10307,CUST-1038,254.77,fuel,3,3,1,1230.31,0,1
TXN-10308,CUST-1078,2727.73,gaming,19,3,1,829.2,0,1
TXN-10309,CUST-1092,615.93,restaurant,7,4,2,1560.52,0,0
TXN-10310,CUST-1017,958.21,grocery,0,4,1,1150.07,0,0
TXN-10311,CUST-1023,341.45,electronics,11,2,5,766.24,0,1
TXN-10312,CUST-1002,428.6,electronics,17,0,2,1570.52,1,1
TXN-10313,CUST-1001,288.54,grocery,9,2,3,766.2,0,0
TXN-10314,CUST-1006,67.44,electronics,4,2,1,948.99,0,0
TXN-10315,CUST-1088,175.3,gaming,17,1,2,511.26,0,0
TXN-10316,CUST-1112,126.73,grocery,19,1,1,624.28,0,0
TXN-10317,CUST-1051,91.16,grocery,18,6,0,410.11,1,0
TXN-10318,CUST-1110,201.04,utility,19,1,3,1037.19,0,0
TXN-10319,CUST-1091,1331.04,fuel,19,5,3,314.8,0,0
TXN-10320,CUST-1100,476.6,gaming,16,0,0,925.46,0,0
TXN-10321,CUST-1092,1297.15,gaming,15,6,1,541.93,0,0
TXN-10322,CUST-1024,670.64,utility,2,1,3,1146.18,0,0
TXN-10323,CUST-1065,886.18,jewelry,12,2,1,909.58,1,0
TXN-10324,CUST-1065,250.72,utility,8,5,3,1638.2,0,0
TXN-10325,CUST-1080,729.94,gaming,19,1,2,899.58,1,0
TXN-10326,CUST-1099,851.11,travel,11,3,1,253.5,0,0
TXN-10327,CUST-1014,319.74,travel,4,5,2,580.09,0,0
TXN-10328,CUST-1084,6573.57,travel,13,0,11,315.89,0,1
TXN-10329,CUST-1104,753.43,travel,20,0,3,452.57,0,0
TXN-10330,CUST-1014,1467.83,grocery,7,5,7,1381.85,0,0
TXN-10331,CUST-1051,1318.71,travel,17,1,12,854.61,0,0
TXN-10332,CUST-1111,202.74,travel,14,6,3,409.77,0,0
TXN-10333,CUST-1003,525.78,grocery,14,6,2,344.62,0,0
TXN-10334,CUST-1020,629.71,fuel,11,6,2,612.79,0,0
TXN-10335,CUST-1100,271.95,utility,22,6,2,308.24,0,0
TXN-10336,CUST-1021,502.67,gaming,13,5,6,416.08,0,1
TXN-10337,CUST-1087,755.9,utility,20,2,0,714.52,1,0
TXN-10338,CUST-1112,783.4,electronics,13,6,4,1136.17,0,0
TXN-10339,CUST-1062,1577.99,utility,7,2,1,841.19,0,0
TXN-10340,CUST-1060,1284.0,utility,21,4,1,170.68,0,0
TXN-10341,CUST-1053,232.53,grocery,9,0,2,711.52,0,0
TXN-10342,CUST-1046,1741.83,restaurant,11,6,3,626.17,0,0
TXN-10343,CUST-1047,2828.43,grocery,20,4,8,755.7,0,0
TXN-10344,CUST-1069,1078.85,gaming,21,6,1,1463.98,0,0
TXN-10345,CUST-1111,518.53,utility,21,2,2,193.49,0,0
TXN-10346,CUST-1122,361.73,fuel,13,2,1,434.8,0,0
TXN-10347,CUST-1108,127.01,gaming,19,3,2,832.97,0,0
TXN-10348,CUST-1014,3247.63,travel,2,6,10,252.17,0,1
TXN-10349,CUST-1038,153.0,grocery,18,3,0,1355.29,0,0
TXN-10350,CUST-1094,1017.88,grocery,15,5,1,737.01,0,0
TXN-10351,CUST-1068,1537.01,grocery,7,1,3,958.74,0,0
TXN-10352,CUST-1041,271.05,grocery,13,5,3,439.65,0,0
TXN-10353,CUST-1038,617.99,gaming,14,5,1,941.59,0,0
TXN-10354,CUST-1014,285.99,electronics,11,6,3,1083.18,0,0
TXN-10355,CUST-1041,307.55,electronics,12,0,1,684.09,0,0
TXN-10356,CUST-1052,880.84,jewelry,15,2,3,684.66,0,0
TXN-10357,CUST-1051,478.71,grocery,7,0,3,698.33,0,0
TXN-10358,CUST-1068,1816.63,fuel,9,2,2,374.34,0,0
TXN-10359,CUST-1034,343.2,utility,19,5,1,554.94,0,0
TXN-10360,CUST-1025,1042.63,restaurant,12,4,2,553.42,0,0
TXN-10361,CUST-1110,530.1,travel,16,5,1,743.13,0,0
TXN-10362,CUST-1050,895.01,grocery,16,5,0,1043.05,1,0
TXN-10363,CUST-1031,352.35,utility,15,6,2,336.23,0,0
TXN-10364,CUST-1079,474.77,utility,13,6,4,561.86,0,0
TXN-10365,CUST-1067,451.86,travel,14,4,4,1359.4,0,0
TXN-10366,CUST-1072,263.21,fuel,20,6,4,399.82,0,0
TXN-10367,CUST-1027,809.62,grocery,22,0,4,382.9,0,0
TXN-10368,CUST-1090,802.46,gaming,3,5,2,672.68,0,1
TXN-10369,CUST-1024,769.06,restaurant,17,3,1,957.58,0,0
TXN-10370,CUST-1104,1560.44,jewelry,22,6,1,605.64,0,1
TXN-10371,CUST-1053,6774.44,fuel,7,3,8,1250.04,0,1
TXN-10372,CUST-1051,371.96,gaming,0,1,3,964.14,0,0
TXN-10373,CUST-1048,651.83,utility,14,5,2,956.23,0,0
TXN-10374,CUST-1052,308.68,electronics,22,6,1,816.29,0,0
TXN-10375,CUST-1083,501.46,utility,0,0,2,2165.07,1,0
TXN-10376,CUST-1062,314.25,travel,20,0,0,537.62,0,0
TXN-10377,CUST-1015,1660.8,fuel,9,4,2,199.95,0,1
TXN-10378,CUST-1070,647.28,gaming,9,3,2,1454.39,0,0
TXN-10379,CUST-1033,418.42,electronics,21,3,2,467.91,0,0
TXN-10380,CUST-1013,1206.18,restaurant,15,0,3,638.64,1,0
TXN-10381,CUST-1104,96.74,electronics,15,4,1,1236.76,0,0
TXN-10382,CUST-1039,108.79,travel,9,3,1,249.32,0,0
TXN-10383,CUST-1074,895.05,travel,10,5,2,302.35,0,0
TXN-10384,CUST-1021,515.61,electronics,20,2,0,249.46,0,1
TXN-10385,CUST-1042,594.57,travel,11,2,3,388.86,0,0
TXN-10386,CUST-1048,1646.58,jewelry,16,0,9,766.47,0,1
TXN-10387,CUST-1016,484.24,travel,12,3,3,802.96,0,1
TXN-10388,CUST-1121,2214.17,travel,11,4,2,700.61,0,0
TXN-10389,CUST-1038,914.29,gaming,9,1,4,276.71,0,0
TXN-10390,CUST-1072,559.63,grocery,21,5,2,168.92,0,0
TXN-10391,CUST-1070,354.5,gaming,22,6,2,620.11,0,0
TXN-10392,CUST-1053,366.53,electronics,8,1,2,464.3,0,0
TXN-10393,CUST-1073,99.79,electronics,12,4,1,774.84,0,0
TXN-10394,CUST-1070,597.78,jewelry,16,4,0,885.43,0,0
TXN-10395,CUST-1010,3723.45,utility,13,0,10,649.39,0,1
TXN-10396,CUST-1083,151.15,utility,18,1,2,914.22,0,0
TXN-10397,CUST-1014,300.05,travel,11,2,6,682.71,0,0
TXN-10398,CUST-1054,206.83,fuel,7,0,1,805.56,1,0
TXN-10399,CUST-1045,238.89,jewelry,12,2,1,408.47,0,0
TXN-10400,CUST-1055,512.92,gaming,16,1,2,545.23,0,0
TXN-10401,CUST-1008,103.2,gaming,9,6,1,670.64,0,0
TXN-10402,CUST-1087,781.1,electronics,20,4,4,945.1,0,0
TXN-10403,CUST-1052,867.31,utility,7,2,0,484.66,0,0
TXN-10404,CUST-1007,408.17,grocery,8,5,4,801.63,0,0
TXN-10405,CUST-1000,76.67,electronics,15,0,3,519.98,1,0
TXN-10406,CUST-1067,233.38,grocery,15,4,3,564.17,0,0
TXN-10407,CUST-1083,1242.25,travel,11,4,2,949.78,0,0
TXN-10408,CUST-1068,61.34,gaming,11,5,2,201.1,0,0
TXN-10409,CUST-1090,379.69,electronics,8,1,3,294.99,1,0
TXN-10410,CUST-1094,203.36,travel,17,4,1,266.35,0,0
TXN-10411,CUST-1108,900.93,utility,13,5,4,166.75,0,0
TXN-10412,CUST-1122,296.98,utility,8,5,3,414.45,1,0
TXN-10413,CUST-1110,667.12,electronics,13,1,0,908.86,0,0
TXN-10414,CUST-1099,753.02,restaurant,21,6,1,514.56,1,0
TXN-10415,CUST-1053,18920.63,travel,11,1,9,671.01,0,1
TXN-10416,CUST-1062,423.18,utility,21,2,2,1095.61,0,0
TXN-10417,CUST-1077,653.3,grocery,11,1,1,1249.16,0,0
TXN-10418,CUST-1021,161.78,fuel,9,1,1,579.39,0,0
TXN-10419,CUST-1084,1203.28,fuel,11,1,3,1267.08,0,0
TXN-10420,CUST-1073,1839.06,grocery,12,0,6,633.13,0,0
TXN-10421,CUST-1065,323.58,electronics,8,5,3,379.72,0,0
TXN-10422,CUST-1104,484.6,grocery,16,4,3,434.02,0,0
TXN-10423,CUST-1085,152.6,gaming,2,2,2,266.59,0,0
TXN-10424,CUST-1116,584.98,grocery,18,3,1,369.27,0,0
TXN-10425,CUST-1122,1018.0,grocery,14,4,3,494.27,0,0
TXN-10426,CUST-1103,613.82,restaurant,2,1,4,936.33,0,0
TXN-10427,CUST-1037,149.65,gaming,2,2,2,1550.64,1,0
TXN-10428,CUST-1023,449.05,restaurant,9,6,1,281.41,0,0
TXN-10429,CUST-1037,859.65,electronics,18,0,4,746.99,0,0
TXN-10430,CUST-1089,120.48,grocery,8,6,3,339.58,0,0
TXN-10431,CUST-1108,220.07,gaming,2,6,2,781.4,0,0
TXN-10432,CUST-1110,950.9,electronics,22,1,2,559.98,0,0
TXN-10433,CUST-1085,603.39,grocery,19,2,4,219.86,0,0
TXN-10434,CUST-1085,671.14,utility,14,1,3,1002.81,0,0
TXN-10435,CUST-1118,1987.48,gaming,12,3,1,431.49,1,0
TXN-10436,CUST-1085,700.23,utility,20,1,2,448.7,0,0
TXN-10437,CUST-1017,807.07,electronics,11,5,3,334.17,0,0
TXN-10438,CUST-1062,3763.33,gaming,14,2,5,419.95,0,1
TXN-10439,CUST-1044,419.74,fuel,19,6,1,761.54,1,0
TXN-10440,CUST-1079,270.86,restaurant,3,5,3,542.35,0,0
TXN-10441,CUST-1079,679.15,travel,21,2,2,721.09,0,0
TXN-10442,CUST-1036,684.88,grocery,1,4,3,734.4,0,0
TXN-10443,CUST-1037,331.94,grocery,21,0,1,1244.34,0,0
TXN-10444,CUST-1011,227.17,gaming,8,0,3,498.43,0,0
TXN-10445,CUST-1036,2786.06,restaurant,16,3,1,267.13,0,0
TXN-10446,CUST-1103,629.63,utility,21,3,6,1082.44,0,0
TXN-10447,CUST-1081,284.51,jewelry,0,2,3,501.54,0,0
TXN-10448,CUST-1117,979.41,restaurant,22,0,2,1111.01,0,0
TXN-10449,CUST-1115,454.02,jewelry,12,5,2,743.12,0,0
TXN-10450,CUST-1107,407.62,fuel,12,2,2,559.97,0,0
TXN-10451,CUST-1022,751.22,gaming,12,3,2,729.11,0,0
TXN-10452,CUST-1041,187.0,grocery,12,2,0,1759.98,0,0
TXN-10453,CUST-1007,4144.76,fuel,17,3,8,1886.24,1,0
TXN-10454,CUST-1011,19740.76,travel,14,4,10,625.26,0,1
TXN-10455,CUST-1028,698.99,grocery,0,5,3,657.28,1,0
TXN-10456,CUST-1035,371.61,restaurant,4,3,1,1087.82,0,0
TXN-10457,CUST-1001,336.86,restaurant,11,1,4,378.0,1,0
TXN-10458,CUST-1105,362.22,travel,4,6,1,722.84,0,0
TXN-10459,CUST-1065,407.29,jewelry,15,1,2,593.34,0,0
TXN-10460,CUST-1081,371.16,travel,21,0,1,715.26,0,0
TXN-10461,CUST-1081,8139.76,grocery,20,0,9,380.56,0,1
TXN-10462,CUST-1120,134.3,fuel,11,5,4,251.07,0,0
TXN-10463,CUST-1018,940.58,fuel,14,2,1,192.45,0,0
TXN-10464,CUST-1042,370.64,fuel,18,0,2,325.52,1,0
TXN-10465,CUST-1038,653.74,grocery,16,5,2,467.65,0,0
TXN-10466,CUST-1068,211.61,grocery,8,2,0,512.22,1,0
TXN-10467,CUST-1065,1334.72,grocery,16,6,4,1746.69,0,0
TXN-10468,CUST-1098,1254.17,restaurant,7,6,2,1105.77,0,0
TXN-10469,CUST-1070,1012.01,grocery,8,0,2,354.55,0,0
TXN-10470,CUST-1029,158.21,fuel,17,4,3,728.68,0,0
TXN-10471,CUST-1070,917.67,electronics,8,4,6,481.12,0,0
TXN-10472,CUST-1120,667.57,travel,12,1,2,514.71,0,0
TXN-10473,CUST-1072,147.83,electronics,16,2,0,666.43,1,0
TXN-10474,CUST-1074,483.85,grocery,17,3,1,846.02,0,0
TXN-10475,CUST-1021,647.68,gaming,14,1,2,499.4,0,1
TXN-10476,CUST-1000,747.74,electronics,8,5,4,1080.43,0,0
TXN-10477,CUST-1026,562.81,jewelry,19,1,1,321.16,0,0
TXN-10478,CUST-1003,613.04,electronics,22,6,1,603.95,0,0
TXN-10479,CUST-1056,1488.03,travel,21,5,3,2511.71,0,0
TXN-10480,CUST-1110,1235.86,travel,4,4,2,680.41,0,1
TXN-10481,CUST-1055,57.38,fuel,13,0,1,1323.81,0,0
TXN-10482,CUST-1080,388.36,electronics,21,0,3,632.91,0,0
TXN-10483,CUST-1106,435.51,grocery,2,1,1,828.34,0,0
TXN-10484,CUST-1095,132.41,fuel,4,3,1,583.34,0,0
TXN-10485,CUST-1081,528.81,jewelry,4,5,1,548.0,0,0
TXN-10486,CUST-1098,1257.11,grocery,3,1,3,392.01,0,0
TXN-10487,CUST-1035,218.13,grocery,22,4,2,762.55,0,0
TXN-10488,CUST-1052,3231.79,gaming,1,0,13,376.78,0,1
TXN-10489,CUST-1049,247.93,travel,20,1,2,867.9,0,0
TXN-10490,CUST-1099,297.69,utility,15,4,1,1093.25,0,0
TXN-10491,CUST-1051,1492.26,restaurant,14,5,2,736.27,0,0
TXN-10492,CUST-1117,328.02,restaurant,11,5,1,514.17,0,0
TXN-10493,CUST-1023,696.91,travel,4,3,5,772.54,1,0
TXN-10494,CUST-1021,121.1,fuel,7,0,2,507.87,0,0
TXN-10495,CUST-1089,1991.69,gaming,2,2,4,1006.82,1,0
TXN-10496,CUST-1095,774.32,gaming,12,5,4,219.8,0,0
TXN-10497,CUST-1084,429.72,gaming,15,0,3,500.4,0,0
TXN-10498,CUST-1038,758.74,fuel,11,4,3,201.35,0,0
TXN-10499,CUST-1001,848.78,grocery,17,4,10,264.47,0,0
TXN-10500,CUST-1040,1196.19,grocery,13,5,3,1274.26,0,0
TXN-10501,CUST-1058,3628.13,grocery,10,1,8,984.71,0,0
TXN-10502,CUST-1051,422.82,grocery,10,1,3,405.16,0,0
TXN-10503,CUST-1115,340.79,restaurant,18,1,1,263.39,0,0
TXN-10504,CUST-1107,318.78,grocery,11,2,3,117.86,0,0
TXN-10505,CUST-1096,829.65,gaming,11,3,1,446.34,0,0
TXN-10506,CUST-1002,597.01,restaurant,1,0,2,2278.4,1,0
TXN-10507,CUST-1015,803.37,travel,12,3,0,764.47,0,0
TXN-10508,CUST-1054,489.51,electronics,13,1,3,442.41,0,0
TXN-10509,CUST-1077,724.08,jewelry,10,3,2,777.27,0,0
TXN-10510,CUST-1085,359.91,fuel,12,2,4,255.05,0,0
TXN-10511,CUST-1037,2623.59,electronics,18,6,1,511.05,0,0
TXN-10512,CUST-1013,152.03,utility,15,2,1,635.69,0,0
TXN-10513,CUST-1041,1268.64,utility,22,6,0,574.01,0,0
TXN-10514,CUST-1099,1374.62,utility,19,1,0,929.78,0,0
TXN-10515,CUST-1123,1609.85,restaurant,7,0,11,727.46,0,1
TXN-10516,CUST-1117,21620.34,travel,3,1,9,869.21,0,1
TXN-10517,CUST-1074,1039.63,utility,11,2,3,412.15,0,0
TXN-10518,CUST-1011,8437.31,gaming,16,6,6,986.14,0,1
TXN-10519,CUST-1120,503.21,gaming,11,1,4,1474.27,0,0
TXN-10520,CUST-1019,418.67,jewelry,22,5,1,352.98,0,0
TXN-10521,CUST-1033,421.13,utility,11,4,1,369.36,0,0
TXN-10522,CUST-1121,660.43,utility,15,2,3,1254.74,1,0
TXN-10523,CUST-1062,1409.36,fuel,8,2,0,541.73,0,0
TXN-10524,CUST-1024,564.53,gaming,21,6,1,1302.58,1,0
TXN-10525,CUST-1062,248.74,fuel,3,5,1,471.82,1,1
TXN-10526,CUST-1009,914.45,gaming,19,1,5,1339.8,0,0
TXN-10527,CUST-1039,983.25,utility,12,6,4,646.98,0,0
TXN-10528,CUST-1119,805.12,utility,7,2,2,693.69,0,0
TXN-10529,CUST-1037,861.89,travel,18,0,1,1423.1,0,0
TXN-10530,CUST-1111,402.14,electronics,13,5,1,493.25,0,0
TXN-10531,CUST-1067,245.49,fuel,22,6,0,358.66,0,1
TXN-10532,CUST-1081,256.94,grocery,18,3,0,470.26,0,0
TXN-10533,CUST-1087,984.74,fuel,15,4,8,771.84,0,0
TXN-10534,CUST-1068,588.58,restaurant,22,1,0,254.38,1,0
TXN-10535,CUST-1004,462.85,fuel,19,5,1,854.58,0,0
TXN-10536,CUST-1114,354.25,restaurant,1,2,4,447.5,0,0
TXN-10537,CUST-1059,53.69,fuel,7,1,0,1131.5,1,0
TXN-10538,CUST-1081,193.35,jewelry,8,3,1,161.28,0,0
TXN-10539,CUST-1069,1142.11,gaming,14,1,0,390.48,0,0
TXN-10540,CUST-1082,299.33,jewelry,15,4,1,238.04,0,0
TXN-10541,CUST-1044,645.77,gaming,7,5,0,382.06,0,0
TXN-10542,CUST-1105,173.64,jewelry,9,2,2,689.67,0,0
TXN-10543,CUST-1028,1449.58,restaurant,18,5,0,545.35,0,0
TXN-10544,CUST-1081,442.3,electronics,19,3,1,523.56,1,0
TXN-10545,CUST-1072,612.49,grocery,7,6,4,551.39,0,0
TXN-10546,CUST-1062,18579.45,fuel,15,1,13,673.08,0,1
TXN-10547,CUST-1002,1536.6,jewelry,1,4,2,345.61,0,1
TXN-10548,CUST-1048,391.54,electronics,18,3,1,887.82,0,0
TXN-10549,CUST-1005,315.79,electronics,20,6,2,866.5,0,0
TXN-10550,CUST-1062,386.0,gaming,20,1,1,743.8,0,0
TXN-10551,CUST-1085,722.29,travel,16,1,0,817.37,0,0
TXN-10552,CUST-1065,4466.91,utility,17,6,13,708.41,0,1
TXN-10553,CUST-1094,366.34,jewelry,21,6,4,1843.26,0,0
TXN-10554,CUST-1045,1480.87,jewelry,16,5,2,573.7,0,0
TXN-10555,CUST-1038,452.3,jewelry,1,3,2,508.32,0,0
TXN-10556,CUST-1056,2764.71,utility,19,2,2,397.65,0,0
TXN-10557,CUST-1028,527.45,gaming,16,4,5,341.13,0,0
TXN-10558,CUST-1100,1879.93,restaurant,20,5,5,303.55,0,1
TXN-10559,CUST-1101,644.19,grocery,15,1,3,369.13,0,0
TXN-10560,CUST-1052,1014.57,gaming,20,0,2,578.9,0,0
TXN-10561,CUST-1099,286.16,jewelry,7,0,1,723.33,0,0
TXN-10562,CUST-1003,259.74,electronics,7,2,2,619.01,0,0
TXN-10563,CUST-1019,695.6,fuel,8,4,3,395.03,1,0
TXN-10564,CUST-1035,1034.23,electronics,4,3,3,987.43,0,0
TXN-10565,CUST-1048,507.85,travel,18,4,1,903.86,1,0
TXN-10566,CUST-1028,187.77,restaurant,2,3,3,551.25,1,0
TXN-10567,CUST-1064,177.65,travel,0,1,0,420.27,0,0
TXN-10568,CUST-1099,1110.24,grocery,20,5,13,813.74,1,1
TXN-10569,CUST-1057,130.88,gaming,19,5,2,667.4,0,0
TXN-10570,CUST-1056,534.92,travel,17,6,2,271.38,0,0
TXN-10571,CUST-1007,1145.71,grocery,14,5,1,579.76,0,0
TXN-10572,CUST-1035,4781.36,electronics,13,2,12,695.14,0,1
TXN-10573,CUST-1100,90.44,electronics,7,4,2,366.93,0,0
TXN-10574,CUST-1101,427.06,grocery,10,2,1,668.08,0,0
TXN-10575,CUST-1013,436.11,gaming,21,6,3,270.39,0,0
TXN-10576,CUST-1002,2373.21,electronics,12,4,3,1255.01,0,0
TXN-10577,CUST-1103,165.2,utility,18,5,4,1195.56,0,0
TXN-10578,CUST-1021,367.6,travel,18,1,1,523.8,0,0
TXN-10579,CUST-1071,1771.16,fuel,11,0,0,735.02,0,0
TXN-10580,CUST-1103,690.55,restaurant,10,0,3,159.9,0,0
TXN-10581,CUST-1098,751.81,electronics,18,3,3,318.62,0,0
TXN-10582,CUST-1068,5113.76,grocery,8,6,12,512.05,0,1
TXN-10583,CUST-1047,4712.82,utility,14,4,9,333.73,0,1
TXN-10584,CUST-1096,882.9,grocery,21,5,3,891.51,0,0
TXN-10585,CUST-1086,268.51,utility,18,3,3,1805.36,0,1
TXN-10586,CUST-1104,951.98,jewelry,19,6,2,315.09,0,1
TXN-10587,CUST-1064,175.96,restaurant,8,6,3,379.71,0,0
TXN-10588,CUST-1117,630.35,restaurant,10,1,3,685.05,0,0
TXN-10589,CUST-1096,563.44,fuel,11,6,2,1459.89,0,0
TXN-10590,CUST-1007,310.37,utility,11,0,2,307.26,0,0
TXN-10591,CUST-1036,484.44,fuel,0,4,1,690.19,0,0
TXN-10592,CUST-1099,308.92,gaming,22,3,4,1638.79,0,0
TXN-10593,CUST-1014,220.57,gaming,9,2,2,242.63,0,0
TXN-10594,CUST-1088,377.96,grocery,18,6,2,297.5,0,0
TXN-10595,CUST-1042,215.29,grocery,16,4,2,476.76,0,0
TXN-10596,CUST-1025,627.72,grocery,16,0,1,452.0,0,0
TXN-10597,CUST-1067,207.98,grocery,10,0,2,940.99,0,0
TXN-10598,CUST-1116,840.49,fuel,2,0,2,687.4,0,0
TXN-10599,CUST-1112,203.14,restaurant,4,2,2,226.73,0,0
TXN-10600,CUST-1050,322.23,electronics,11,0,2,799.09,1,0
TXN-10601,CUST-1000,308.45,utility,18,1,2,438.06,0,0
TXN-10602,CUST-1110,1331.23,utility,7,5,3,1213.11,0,0
TXN-10603,CUST-1112,631.26,jewelry,8,6,6,426.17,0,0
TXN-10604,CUST-1075,420.4,travel,18,5,3,424.05,1,0
TXN-10605,CUST-1078,716.26,utility,4,3,0,810.48,0,0
TXN-10606,CUST-1065,101.45,utility,7,4,3,915.63,1,0
TXN-10607,CUST-1001,477.06,utility,21,6,1,770.05,0,0
TXN-10608,CUST-1019,2204.23,restaurant,7,0,5,238.15,0,1
TXN-10609,CUST-1017,544.17,gaming,22,6,2,809.1,0,1
TXN-10610,CUST-1114,518.5,electronics,18,5,2,340.74,0,0
TXN-10611,CUST-1006,743.3,utility,22,2,2,684.99,0,0
TXN-10612,CUST-1069,964.59,electronics,22,3,2,275.05,0,0
TXN-10613,CUST-1045,110.16,utility,12,3,1,769.3,0,0
TXN-10614,CUST-1000,139.53,grocery,19,1,0,386.21,1,0
TXN-10615,CUST-1114,576.93,grocery,10,1,1,297.24,0,0
TXN-10616,CUST-1002,2215.51,electronics,14,2,10,891.23,0,1
TXN-10617,CUST-1106,1318.2,grocery,10,0,1,687.39,0,1
TXN-10618,CUST-1097,389.02,restaurant,14,3,1,429.37,0,0
TXN-10619,CUST-1099,115.48,grocery,20,3,3,1336.95,0,0
TXN-10620,CUST-1020,190.37,jewelry,4,2,1,472.31,0,0
TXN-10621,CUST-1110,62.66,fuel,8,1,2,612.57,0,0
TXN-10622,CUST-1074,413.4,restaurant,12,6,0,697.78,0,0
TXN-10623,CUST-1050,427.82,travel,19,4,3,428.03,0,0
TXN-10624,CUST-1085,358.4,grocery,15,3,2,779.87,0,0
TXN-10625,CUST-1042,4179.62,grocery,0,5,13,448.81,0,0
TXN-10626,CUST-1034,1210.62,electronics,13,2,2,479.91,0,0
TXN-10627,CUST-1036,433.64,restaurant,11,1,2,1273.41,0,0
TXN-10628,CUST-1071,99.38,restaurant,16,4,1,339.57,0,0
TXN-10629,CUST-1075,782.87,fuel,17,5,1,159.65,0,0
TXN-10630,CUST-1030,747.34,electronics,21,4,3,1459.74,0,0
TXN-10631,CUST-1030,621.44,grocery,16,3,3,2445.81,0,0
TXN-10632,CUST-1118,1028.76,electronics,0,0,2,481.59,1,0
TXN-10633,CUST-1064,205.69,gaming,20,4,0,207.42,0,0
TXN-10634,CUST-1107,13111.61,fuel,8,4,12,507.37,1,1
TXN-10635,CUST-1041,239.95,gaming,13,2,1,514.18,0,0
TXN-10636,CUST-1036,864.3,utility,13,1,1,542.15,0,0
TXN-10637,CUST-1035,579.38,grocery,7,6,10,326.24,0,0
TXN-10638,CUST-1066,245.26,fuel,4,2,2,827.79,0,0
TXN-10639,CUST-1097,1536.52,grocery,19,1,5,803.1,0,0
TXN-10640,CUST-1062,405.18,grocery,12,4,4,264.56,0,0
TXN-10641,CUST-1036,925.14,grocery,9,3,0,884.09,0,0
TXN-10642,CUST-1120,588.58,gaming,11,3,4,1861.2,0,0
TXN-10643,CUST-1071,455.45,grocery,11,4,4,661.55,0,0
TXN-10644,CUST-1049,8000.4,jewelry,9,2,7,499.93,0,1
TXN-10645,CUST-1001,412.61,utility,8,1,1,556.63,0,0
TXN-10646,CUST-1070,129.6,restaurant,19,1,3,844.2,0,0
TXN-10647,CUST-1077,269.77,gaming,20,6,1,232.32,0,0
TXN-10648,CUST-1116,745.01,grocery,4,3,2,658.8,0,0
TXN-10649,CUST-1028,662.91,grocery,16,2,2,485.53,0,0
TXN-10650,CUST-1020,152.13,fuel,21,2,1,1662.88,0,0
TXN-10651,CUST-1124,286.21,restaurant,20,5,2,546.87,0,0
TXN-10652,CUST-1068,318.53,restaurant,7,6,0,1506.19,0,0
TXN-10653,CUST-1003,374.61,travel,22,5,3,327.98,0,0
TXN-10654,CUST-1013,175.57,fuel,1,3,6,831.3,0,0
TXN-10655,CUST-1059,307.58,electronics,7,3,4,717.43,0,0
TXN-10656,CUST-1077,285.3,fuel,13,6,3,373.17,0,0
TXN-10657,CUST-1030,878.88,restaurant,4,5,1,663.53,0,0
TXN-10658,CUST-1045,904.01,fuel,8,2,4,1172.49,0,0
TXN-10659,CUST-1092,441.7,travel,11,6,2,503.67,1,0
TXN-10660,CUST-1120,367.22,travel,11,5,4,237.32,0,0
TXN-10661,CUST-1061,547.27,grocery,13,5,3,596.06,0,0
TXN-10662,CUST-1051,267.09,travel,4,0,3,366.38,0,0
TXN-10663,CUST-1045,208.49,utility,2,0,1,498.55,0,0
TXN-10664,CUST-1017,243.43,grocery,10,2,2,575.44,1,0
TXN-10665,CUST-1006,306.09,gaming,8,5,2,235.54,0,0
TXN-10666,CUST-1104,205.9,travel,10,0,1,247.49,0,0
TXN-10667,CUST-1004,556.43,grocery,9,0,3,784.57,1,0
TXN-10668,CUST-1102,851.74,grocery,16,0,2,451.47,0,0
TXN-10669,CUST-1030,149.86,fuel,13,1,1,146.85,0,0
TXN-10670,CUST-1086,502.12,grocery,14,6,1,926.73,0,0
TXN-10671,CUST-1118,417.82,travel,20,5,2,699.11,0,0
TXN-10672,CUST-1093,636.59,utility,16,5,4,406.41,0,0
TXN-10673,CUST-1091,487.99,jewelry,9,2,2,291.71,0,0
TXN-10674,CUST-1033,165.64,restaurant,13,4,0,953.08,1,0
TXN-10675,CUST-1074,191.18,travel,12,5,1,729.34,1,0
TXN-10676,CUST-1080,503.74,jewelry,3,3,3,2231.5,0,0
TXN-10677,CUST-1053,1065.91,gaming,4,5,1,758.32,0,0
TXN-10678,CUST-1004,93.63,grocery,9,3,2,744.89,0,0
TXN-10679,CUST-1114,638.61,fuel,18,2,2,549.05,0,0
TXN-10680,CUST-1024,1202.57,electronics,13,4,1,943.15,0,0
TXN-10681,CUST-1121,439.32,utility,8,6,2,848.78,0,0
TXN-10682,CUST-1116,744.45,electronics,18,5,5,1198.05,0,1
TXN-10683,CUST-1002,290.82,fuel,10,3,3,451.81,0,0
TXN-10684,CUST-1092,4468.34,restaurant,20,4,11,473.68,0,0
TXN-10685,CUST-1079,146.1,grocery,20,6,1,462.43,0,0
TXN-10686,CUST-1028,84.92,restaurant,3,5,1,929.77,0,0
TXN-10687,CUST-1101,999.32,utility,0,3,0,1372.11,0,0
TXN-10688,CUST-1013,235.39,utility,16,1,3,467.61,0,0
TXN-10689,CUST-1031,350.15,utility,2,6,0,476.46,0,0
TXN-10690,CUST-1118,174.19,grocery,8,6,3,715.33,0,1
TXN-10691,CUST-1092,171.15,gaming,3,0,2,525.75,0,0
TXN-10692,CUST-1014,432.52,utility,9,0,0,1016.0,0,0
TXN-10693,CUST-1018,285.09,utility,18,0,1,174.43,0,0
TXN-10694,CUST-1032,654.24,fuel,8,2,0,381.96,1,0
TXN-10695,CUST-1008,691.87,grocery,2,1,5,391.38,0,0
TXN-10696,CUST-1022,626.81,fuel,18,6,5,167.97,0,1
TXN-10697,CUST-1071,589.31,electronics,22,6,3,354.25,0,0
TXN-10698,CUST-1000,1608.93,gaming,11,1,0,363.82,0,1
TXN-10699,CUST-1035,221.25,utility,7,5,1,538.83,0,0
TXN-10700,CUST-1039,472.86,utility,18,0,0,1110.02,0,0
TXN-10701,CUST-1121,1152.3,jewelry,7,5,6,525.96,1,0
TXN-10702,CUST-1121,1272.08,fuel,3,2,4,341.4,0,0
TXN-10703,CUST-1105,169.64,electronics,22,0,5,583.28,0,0
TXN-10704,CUST-1042,389.84,fuel,20,2,4,1071.75,0,0
TXN-10705,CUST-1065,1364.56,fuel,18,5,4,351.86,0,0
TXN-10706,CUST-1063,721.3,grocery,20,6,3,364.74,0,0
TXN-10707,CUST-1107,570.46,fuel,8,0,1,818.28,0,0
TXN-10708,CUST-1093,2493.67,fuel,8,5,13,532.8,0,0
TXN-10709,CUST-1113,369.5,gaming,11,2,0,859.3,0,0
TXN-10710,CUST-1068,611.65,grocery,7,3,5,597.34,0,0
TXN-10711,CUST-1114,407.78,fuel,21,0,5,885.29,0,0
TXN-10712,CUST-1092,477.26,grocery,7,6,2,340.6,0,0
TXN-10713,CUST-1092,522.67,gaming,15,5,3,597.86,0,0
TXN-10714,CUST-1082,296.32,electronics,1,4,4,535.99,0,0
TXN-10715,CUST-1041,734.43,fuel,2,5,7,308.36,0,1
TXN-10716,CUST-1076,4383.85,grocery,10,6,1,254.7,0,1
TXN-10717,CUST-1044,129.96,restaurant,14,1,4,877.57,0,1
TXN-10718,CUST-1081,3425.29,gaming,15,1,10,496.2,0,1
TXN-10719,CUST-1031,278.62,jewelry,19,0,4,343.01,0,0
TXN-10720,CUST-1099,759.8,electronics,13,3,2,570.84,0,0
TXN-10721,CUST-1071,510.26,utility,3,3,4,1119.25,0,0
TXN-10722,CUST-1088,872.52,utility,19,0,1,171.67,0,0
TXN-10723,CUST-1027,1189.91,travel,21,4,4,264.24,0,0
TXN-10724,CUST-1098,569.25,jewelry,14,0,1,362.28,0,0
TXN-10725,CUST-1100,1151.75,fuel,7,5,2,1344.33,0,0
TXN-10726,CUST-1018,84.93,gaming,15,4,3,703.05,0,0
TXN-10727,CUST-1043,1624.31,travel,21,5,2,917.84,0,0
TXN-10728,CUST-1084,5522.61,grocery,22,0,9,321.47,0,1
TXN-10729,CUST-1109,1105.86,restaurant,13,6,2,325.14,0,1
TXN-10730,CUST-1092,197.37,utility,1,3,4,769.93,0,0
TXN-10731,CUST-1058,264.26,fuel,16,6,0,621.45,0,0
TXN-10732,CUST-1037,549.74,restaurant,20,4,3,813.87,0,0
TXN-10733,CUST-1113,486.49,fuel,3,4,1,542.82,0,0
TXN-10734,CUST-1109,609.29,electronics,7,0,4,701.33,1,0
TXN-10735,CUST-1112,1111.41,utility,11,4,1,656.53,0,0
TXN-10736,CUST-1038,131.12,fuel,14,3,3,923.13,0,0
TXN-10737,CUST-1054,1022.87,electronics,8,5,2,938.1,0,0
TXN-10738,CUST-1030,495.82,gaming,2,4,2,246.92,0,0
TXN-10739,CUST-1119,422.91,grocery,8,0,1,174.86,0,0
TXN-10740,CUST-1108,163.48,travel,17,6,1,1044.15,0,0
TXN-10741,CUST-1021,718.59,fuel,21,0,1,1156.61,1,0
TXN-10742,CUST-1030,80.59,jewelry,17,2,2,343.32,0,0
TXN-10743,CUST-1069,801.35,grocery,19,1,3,216.39,1,0
TXN-10744,CUST-1051,160.92,fuel,11,6,0,635.54,0,0
TXN-10745,CUST-1057,2045.29,jewelry,20,1,12,1004.21,0,1
TXN-10746,CUST-1045,450.62,grocery,13,5,1,1617.56,1,0
TXN-10747,CUST-1084,1184.59,travel,7,1,4,799.48,0,0
TXN-10748,CUST-1112,430.96,jewelry,12,4,1,490.56,0,0
TXN-10749,CUST-1114,292.77,utility,12,0,2,368.26,0,0
TXN-10750,CUST-1056,336.99,grocery,15,2,1,605.65,0,0
TXN-10751,CUST-1103,1280.06,utility,4,4,1,510.51,1,1
TXN-10752,CUST-1086,736.73,jewelry,14,4,4,344.37,0,0
TXN-10753,CUST-1024,368.99,fuel,13,6,2,1857.18,0,0
TXN-10754,CUST-1099,412.68,utility,12,5,2,1606.55,0,1
TXN-10755,CUST-1043,152.11,jewelry,1,3,4,1124.2,0,0
TXN-10756,CUST-1078,659.42,gaming,11,2,1,362.68,1,0
TXN-10757,CUST-1090,131.65,electronics,19,1,3,963.2,0,0
TXN-10758,CUST-1117,865.97,jewelry,11,6,3,855.59,0,0
TXN-10759,CUST-1118,4488.77,restaurant,20,4,10,767.7,1,0
TXN-10760,CUST-1100,2951.93,gaming,12,6,1,1196.69,0,0
TXN-10761,CUST-1063,215.92,utility,7,3,2,853.59,0,0
TXN-10762,CUST-1050,456.23,utility,9,3,4,904.16,0,0
TXN-10763,CUST-1055,1898.3,utility,19,5,1,854.31,0,0
TXN-10764,CUST-1118,1204.17,restaurant,20,5,1,725.92,0,0
TXN-10765,CUST-1025,292.32,grocery,10,1,3,225.66,0,0
TXN-10766,CUST-1065,582.88,grocery,16,3,2,630.17,0,0
TXN-10767,CUST-1084,493.49,gaming,16,1,3,443.23,1,0
TXN-10768,CUST-1002,608.79,travel,9,5,2,297.7,0,0
TXN-10769,CUST-1079,291.78,gaming,14,0,1,1517.77,0,0
TXN-10770,CUST-1032,460.82,utility,18,5,2,1557.67,0,0
TXN-10771,CUST-1035,148.63,restaurant,0,6,3,1271.02,0,1
TXN-10772,CUST-1077,545.3,travel,20,0,1,692.54,0,0
TXN-10773,CUST-1001,690.57,jewelry,3,4,4,1265.02,0,0
TXN-10774,CUST-1019,415.48,grocery,10,0,1,605.85,0,0
TXN-10775,CUST-1056,146.75,electronics,13,2,4,672.86,0,0
TXN-10776,CUST-1073,1034.22,grocery,9,2,2,329.83,0,1
TXN-10777,CUST-1013,647.68,electronics,16,3,3,748.71,0,0
TXN-10778,CUST-1045,285.86,electronics,1,6,5,622.17,0,0
TXN-10779,CUST-1038,399.23,jewelry,8,3,4,293.99,0,0
TXN-10780,CUST-1066,159.89,gaming,7,2,1,585.13,0,0
TXN-10781,CUST-1037,228.36,travel,11,0,0,576.02,0,0
TXN-10782,CUST-1000,329.19,grocery,19,6,6,1617.53,0,0
TXN-10783,CUST-1066,1238.08,grocery,9,2,0,984.19,0,0
TXN-10784,CUST-1106,305.02,restaurant,22,3,1,605.65,0,0
TXN-10785,CUST-1073,796.45,restaurant,2,0,0,690.1,0,1
TXN-10786,CUST-1045,329.07,fuel,7,2,2,616.66,0,1
TXN-10787,CUST-1060,593.45,fuel,0,3,3,538.29,0,0
TXN-10788,CUST-1017,443.17,travel,18,6,3,331.84,0,0
TXN-10789,CUST-1029,948.42,jewelry,8,2,1,553.87,0,0
TXN-10790,CUST-1054,329.93,travel,8,3,1,399.27,0,0
TXN-10791,CUST-1074,151.5,grocery,20,6,1,302.57,0,0
TXN-10792,CUST-1060,174.78,travel,16,2,0,797.25,1,0
TXN-10793,CUST-1120,1914.32,fuel,12,2,8,746.35,0,1
TXN-10794,CUST-1079,193.1,fuel,19,0,2,225.27,0,0
TXN-10795,CUST-1002,670.26,grocery,4,6,4,562.57,0,0
TXN-10796,CUST-1065,347.47,gaming,2,0,0,1040.69,1,0
TXN-10797,CUST-1072,2924.72,electronics,15,1,2,1077.69,0,0
TXN-10798,CUST-1005,133.85,fuel,7,0,2,1058.08,0,0
TXN-10799,CUST-1048,574.05,electronics,11,4,0,614.86,0,0
TXN-10800,CUST-1108,211.46,electronics,16,2,0,378.13,0,1
TXN-10801,CUST-1044,3337.48,utility,4,4,5,331.61,0,1
TXN-10802,CUST-1057,547.88,restaurant,22,4,4,727.44,0,0
TXN-10803,CUST-1027,86.14,grocery,22,0,3,741.45,0,0
TXN-10804,CUST-1009,588.53,utility,4,2,1,1221.74,0,0
TXN-10805,CUST-1039,2053.25,jewelry,13,0,2,1102.12,0,0
TXN-10806,CUST-1096,350.7,jewelry,10,0,0,559.63,0,0
TXN-10807,CUST-1122,598.76,travel,15,3,2,303.59,0,0
TXN-10808,CUST-1082,1062.83,fuel,8,1,2,504.97,0,0
TXN-10809,CUST-1103,435.74,grocery,13,0,2,678.22,0,0
TXN-10810,CUST-1081,2076.55,restaurant,15,2,8,538.54,0,1
TXN-10811,CUST-1082,89.41,gaming,16,3,0,437.97,0,0
TXN-10812,CUST-1053,6281.46,travel,0,6,7,691.65,0,1
TXN-10813,CUST-1007,452.65,electronics,10,4,2,456.15,0,0
TXN-10814,CUST-1051,230.55,grocery,19,2,1,426.05,0,0
TXN-10815,CUST-1108,541.83,grocery,18,3,3,714.3,0,0
TXN-10816,CUST-1067,318.06,gaming,19,0,2,482.46,0,0
TXN-10817,CUST-1095,331.52,electronics,14,2,1,688.32,0,0
TXN-10818,CUST-1006,776.44,utility,21,4,5,699.43,1,0
TXN-10819,CUST-1025,180.59,gaming,13,0,2,321.6,0,1
TXN-10820,CUST-1037,1080.83,gaming,19,6,1,461.89,1,0
TXN-10821,CUST-1044,172.73,utility,10,3,4,1327.13,1,0
TXN-10822,CUST-1123,299.76,grocery,10,5,1,317.62,0,0
TXN-10823,CUST-1057,2084.34,jewelry,15,1,0,187.89,0,1
TXN-10824,CUST-1082,10167.13,jewelry,15,5,7,216.15,0,1
TXN-10825,CUST-1080,530.17,fuel,18,2,0,611.56,0,0
TXN-10826,CUST-1052,243.37,grocery,11,6,1,612.17,0,0
TXN-10827,CUST-1120,331.31,grocery,20,3,0,564.15,0,0
TXN-10828,CUST-1027,520.59,grocery,1,4,1,1173.57,0,0
TXN-10829,CUST-1004,506.81,electronics,1,1,3,138.37,0,1
TXN-10830,CUST-1093,460.29,grocery,21,6,1,748.27,0,0
TXN-10831,CUST-1081,481.49,gaming,15,1,2,1420.54,0,0
TXN-10832,CUST-1032,419.57,grocery,17,0,1,323.67,0,0
TXN-10833,CUST-1108,167.09,grocery,2,3,1,488.39,1,0
TXN-10834,CUST-1020,334.49,fuel,22,5,4,397.78,0,0
TXN-10835,CUST-1031,978.45,grocery,14,6,5,368.01,0,0
TXN-10836,CUST-1019,176.58,restaurant,13,5,1,502.98,0,0
TXN-10837,CUST-1023,427.45,fuel,3,3,1,1319.64,0,0
TXN-10838,CUST-1091,266.45,fuel,15,6,0,1653.36,0,0
TXN-10839,CUST-1087,535.67,grocery,21,3,4,500.31,0,0
TXN-10840,CUST-1080,368.16,travel,2,3,4,1716.05,0,0
TXN-10841,CUST-1107,1492.26,gaming,12,1,4,613.74,1,0
TXN-10842,CUST-1008,720.49,utility,3,5,3,1578.97,1,0
TXN-10843,CUST-1077,184.22,travel,1,2,2,571.74,0,0
TXN-10844,CUST-1014,815.19,gaming,0,1,3,646.83,0,0
TXN-10845,CUST-1119,275.62,electronics,22,2,3,735.84,0,0
TXN-10846,CUST-1079,2597.59,utility,15,4,13,3457.74,0,0
TXN-10847,CUST-1094,623.51,electronics,9,1,1,961.22,0,0
TXN-10848,CUST-1071,340.76,fuel,8,2,0,407.89,0,0
TXN-10849,CUST-1047,962.6,jewelry,20,2,2,1025.51,0,0
TXN-10850,CUST-1085,275.65,utility,21,4,4,493.24,0,0
TXN-10851,CUST-1104,309.76,electronics,19,4,1,459.73,0,0
TXN-10852,CUST-1022,2410.65,restaurant,8,4,13,992.01,0,0
TXN-10853,CUST-1108,2123.79,utility,8,0,7,612.22,0,0
TXN-10854,CUST-1090,1123.71,grocery,10,2,1,701.5,0,0
TXN-10855,CUST-1010,789.66,utility,19,4,3,606.49,0,0
TXN-10856,CUST-1117,1776.6,gaming,19,1,1,724.24,0,0
TXN-10857,CUST-1022,2699.26,electronics,20,0,2,760.31,0,0
TXN-10858,CUST-1075,227.46,electronics,8,2,1,207.4,0,0
TXN-10859,CUST-1016,519.47,utility,9,4,1,868.37,0,0
TXN-10860,CUST-1024,203.94,gaming,21,4,1,350.69,0,0
TXN-10861,CUST-1080,275.01,electronics,21,0,2,272.25,0,0
TXN-10862,CUST-1084,307.18,grocery,18,4,4,582.82,0,1
TXN-10863,CUST-1085,222.99,travel,8,1,1,630.3,0,0
TXN-10864,CUST-1042,223.87,restaurant,8,5,4,410.99,0,0
TXN-10865,CUST-1102,442.21,jewelry,7,3,1,950.58,0,0
TXN-10866,CUST-1006,197.84,grocery,18,0,2,287.67,0,0
TXN-10867,CUST-1106,926.67,utility,20,2,5,481.15,0,0
TXN-10868,CUST-1037,1219.84,utility,3,5,13,436.3,0,1
TXN-10869,CUST-1077,38551.75,electronics,4,3,9,586.62,0,1
TXN-10870,CUST-1113,351.24,grocery,19,4,2,701.61,0,0
TXN-10871,CUST-1031,520.1,electronics,7,5,1,345.73,0,0
TXN-10872,CUST-1051,186.51,grocery,20,0,3,896.37,0,0
TXN-10873,CUST-1103,1771.48,fuel,21,6,1,623.07,0,0
TXN-10874,CUST-1108,1140.96,gaming,18,2,0,212.6,1,1
TXN-10875,CUST-1029,615.66,restaurant,21,5,1,204.95,0,0
TXN-10876,CUST-1063,179.45,travel,16,3,1,597.78,1,0
TXN-10877,CUST-1041,577.09,utility,14,4,0,532.97,1,0
TXN-10878,CUST-1064,212.5,restaurant,12,2,2,568.57,1,0
TXN-10879,CUST-1047,1475.52,grocery,21,5,1,592.65,0,0
TXN-10880,CUST-1000,904.06,fuel,18,0,2,681.34,0,0
TXN-10881,CUST-1115,529.31,jewelry,4,6,0,1013.54,0,0
TXN-10882,CUST-1079,79.26,utility,22,1,4,326.65,0,0
TXN-10883,CUST-1057,235.67,travel,7,6,5,315.9,0,0
TXN-10884,CUST-1013,825.36,gaming,1,0,5,329.86,0,0
TXN-10885,CUST-1008,1223.73,gaming,10,0,2,705.5,0,0
TXN-10886,CUST-1059,1132.15,jewelry,17,0,1,1193.59,0,0
TXN-10887,CUST-1081,1420.88,jewelry,13,3,9,474.74,0,1
TXN-10888,CUST-1032,617.8,grocery,13,1,3,152.03,0,0
TXN-10889,CUST-1093,1055.36,grocery,1,4,3,235.76,0,0
TXN-10890,CUST-1049,142.06,grocery,19,5,2,380.63,0,0
TXN-10891,CUST-1001,489.84,restaurant,13,0,1,442.86,0,0
TXN-10892,CUST-1067,605.09,restaurant,22,3,1,480.77,0,0
TXN-10893,CUST-1022,393.24,utility,14,5,3,614.75,0,0
TXN-10894,CUST-1001,122.84,grocery,9,2,3,507.01,0,0
TXN-10895,CUST-1016,385.96,gaming,7,6,3,1071.85,0,0
TXN-10896,CUST-1035,385.49,grocery,1,4,1,414.96,0,0
TXN-10897,CUST-1064,440.96,travel,4,0,4,374.55,0,0
TXN-10898,CUST-1123,322.92,fuel,15,3,6,783.19,0,0
TXN-10899,CUST-1027,353.45,utility,12,2,2,258.63,0,0
